,climate,birds,size,slr
climate,1,0.37593985,0.462962963,2
birds,2.66,1,5.33,3.83
size,2.16,0.187617261,1,2.16
slr,0.5,0.261096606,0.462962963,1
